log_id,question,route,context,answer,latency_seconds,created_at
1,What is your return policy?,vector,"Our return policy allows customers to return any item within 30 days of delivery, as long as it is unused and in its original packaging. Refunds are issued to the original payment method within 5-7 business days.

If an item arrives damaged or defective, customers should contact support within 48 hours with photos of the damage. A replacement or full refund will be issued at no extra cost.

We offer a loyalty program where customers earn 1 point for every dollar spent. Points can be redeemed for discounts, with 100 points equal to a $5 reward.","Our return policy allows customers to return any item within 30 days of delivery, as long as it is unused and in its original packaging. Refunds are issued to the original payment method within 5-7 business days.

If an item arrives damaged or defective, customers should contact support within 48 hours with photos of the damage. A replacement or full refund will be issued at no extra cost.

We do not have a specific policy for returns outside of the 30-day window, as the context does not provide information on this.",58.955552101135254,2026-09-04T19:45:35.658913
2,How much total revenue came from the East region?,sql,"SUM(unit_price * quantity)
(8253.989999999998,)","The total revenue from the East region is not explicitly stated in the context. The context only shows a calculation result, which is the total revenue, but it doesn't provide the unit price or quantity values used in the calculation.",35.13465094566345,2026-09-04T19:46:10.817100
3,What features does the Trailblazer Backpack have?,vector,"The Trailblazer Backpack is made from water-resistant recycled nylon, has a padded laptop sleeve fitting up to 16 inches, and includes a hidden anti-theft pocket.

The Summit Coffee Maker has a 12-cup capacity, a built-in grinder, and a programmable timer so coffee is ready when you wake up.

The Aurora Wireless Headphones feature active noise cancellation, 30 hours of battery life, and a comfortable over-ear design. They are available in black, white, and navy.","Unfortunately, the context doesn't mention the Trailblazer Backpack at all. It only talks about the Summit Coffee Maker and the Aurora Wireless Headphones. Therefore, I don't have enough information to answer your question about the Trailblazer Backpack's features.",36.70726442337036,2026-09-04T19:46:47.537091
4,How many Pulse Fitness Trackers were sold?,sql,"quantity
(1,)
(2,)
(3,)
(2,)
(2,)
(5,)
(4,)
(1,)
(3,)
(2,)
(5,)
(3,)
(2,)
(2,)
(2,)
(5,)
(4,)
(5,)
(1,)
(5,)","I don't have enough information to accurately answer the question about the number of Pulse Fitness Trackers sold. The context appears to be a list of quantities, but it's not clear what they represent or how they relate to Pulse Fitness Trackers.",34.9975163936615,2026-09-04T19:47:22.548602
5,What is your return policy?,vector,"Our return policy allows customers to return any item within 30 days of delivery, as long as it is unused and in its original packaging. Refunds are issued to the original payment method within 5-7 business days.

If an item arrives damaged or defective, customers should contact support within 48 hours with photos of the damage. A replacement or full refund will be issued at no extra cost.

We offer a loyalty program where customers earn 1 point for every dollar spent. Points can be redeemed for discounts, with 100 points equal to a $5 reward.","Our return policy allows customers to return any item within 30 days of delivery, as long as it is unused and in its original packaging. Refunds are issued to the original payment method within 5-7 business days.

If an item arrives damaged or defective, customers should contact support within 48 hours with photos of the damage. A replacement or full refund will be issued at no extra cost.

We do not have a specific policy for returns outside of the 30-day window, as the context does not provide information on this.",0.0,2026-09-04T19:48:00.909962
6,How long does standard shipping take?,sql,"region
","I don't have enough information to answer your question about standard shipping time. The context only mentions ""region"" but doesn't provide any details about the shipping options or policies. Could you please provide more context or clarify which region you are referring to?",0.0,2026-09-04T19:48:27.990806
7,What should I do if my item arrives damaged?,vector,"If an item arrives damaged or defective, customers should contact support within 48 hours with photos of the damage. A replacement or full refund will be issued at no extra cost.

Our return policy allows customers to return any item within 30 days of delivery, as long as it is unused and in its original packaging. Refunds are issued to the original payment method within 5-7 business days.

Customers can track their order status by logging into their account and visiting the 'My Orders' page, or by using the tracking link sent in their shipping confirmation email.","If your item arrives damaged, you should contact our support team within 48 hours with photos of the damage.",0.0,2026-09-04T19:48:56.287393
8,How many hours of battery life do the Aurora Wireless Headphones have?,sql,"SUM(unit_price * quantity) / 3600
(3.3996222222222197,)","I'm sorry, but the context doesn't contain enough information to determine the number of hours of battery life for the Aurora Wireless Headphones. The provided formula seems to be related to calculating the total cost, but it doesn't provide any information about the battery life.",0.0,2026-09-04T19:49:39.778837
9,How much total revenue came from the West region?,sql,"SUM(unit_price * quantity)
(8215.009999999995,)","The total revenue from the West region is not explicitly stated in the context. The context only shows a calculation result for the West region, which is 8215.009999999995, but it doesn't provide the unit price or quantity used in the calculation.",0.0,2026-09-04T19:50:11.336257
10,How many orders were placed in the South region?,sql,"COUNT(order_id)
(48,)",There were 48 orders placed in the South region.,0.0,2026-09-04T19:50:28.371949
11,What is your return policy?,vector,"Our return policy allows customers to return any item within 30 days of delivery, as long as it is unused and in its original packaging. Refunds are issued to the original payment method within 5-7 business days.

If an item arrives damaged or defective, customers should contact support within 48 hours with photos of the damage. A replacement or full refund will be issued at no extra cost.

We offer a loyalty program where customers earn 1 point for every dollar spent. Points can be redeemed for discounts, with 100 points equal to a $5 reward.","Our return policy allows customers to return any item within 30 days of delivery, as long as it is unused and in its original packaging. Refunds are issued to the original payment method within 5-7 business days.

If an item arrives damaged or defective, customers should contact support within 48 hours with photos of the damage. A replacement or full refund will be issued at no extra cost.

We do not have a specific policy for returns outside of the 30-day window, as the context does not provide information on this.",0.0,2026-09-04T19:56:40.988470
12,How long does standard shipping take?,sql,"region
","I don't have enough information to answer your question about standard shipping time. The context only mentions ""region"", but it doesn't provide any details about the shipping options or times associated with it.",0.0,2026-09-04T19:57:05.202605
13,What should I do if my item arrives damaged?,vector,"If an item arrives damaged or defective, customers should contact support within 48 hours with photos of the damage. A replacement or full refund will be issued at no extra cost.

Our return policy allows customers to return any item within 30 days of delivery, as long as it is unused and in its original packaging. Refunds are issued to the original payment method within 5-7 business days.

Customers can track their order status by logging into their account and visiting the 'My Orders' page, or by using the tracking link sent in their shipping confirmation email.","If your item arrives damaged, you should contact our support team within 48 hours with photos of the damage.",0.0,2026-09-04T19:57:33.397595
14,How many hours of battery life do the Aurora Wireless Headphones have?,sql,"SUM(unit_price * quantity) / 3600
(3.3996222222222197,)","I'm sorry, but the context doesn't contain enough information to determine the number of hours of battery life for the Aurora Wireless Headphones. The provided formula seems to be related to calculating the total cost, but it doesn't provide any information about the battery life.",0.0,2026-09-04T19:58:11.615200
15,How much total revenue came from the West region?,sql,"SUM(unit_price * quantity)
(8215.009999999995,)","The total revenue from the West region is not explicitly stated in the context. The context only shows a calculation result for the West region, which is 8215.009999999995, but it doesn't provide the unit price or quantity used in the calculation.",0.0,2026-09-04T19:58:44.301701
16,What is your return policy?,vector,"Our return policy allows customers to return any item within 30 days of delivery, as long as it is unused and in its original packaging. Refunds are issued to the original payment method within 5-7 business days.

If an item arrives damaged or defective, customers should contact support within 48 hours with photos of the damage. A replacement or full refund will be issued at no extra cost.

We offer a loyalty program where customers earn 1 point for every dollar spent. Points can be redeemed for discounts, with 100 points equal to a $5 reward.","Our return policy allows customers to return any item within 30 days of delivery, as long as it is unused and in its original packaging. Refunds are issued to the original payment method within 5-7 business days.

If an item arrives damaged or defective, customers should contact support within 48 hours with photos of the damage. A replacement or full refund will be issued at no extra cost.

We do not have a specific policy for returns outside of the 30-day window, as the context does not provide information on this.",0.0,2026-09-04T20:09:43.181683
17,How long does standard shipping take?,sql,"MAX(order_date) - MIN(order_date)
(None,)","I don't have enough information to answer that question. The context only provides the result of a SQL query, which is a date value, but it doesn't provide any information about the order dates or the shipping times.",0.0,2026-09-04T20:10:26.657214
18,What should I do if my item arrives damaged?,vector,"If an item arrives damaged or defective, customers should contact support within 48 hours with photos of the damage. A replacement or full refund will be issued at no extra cost.

Our return policy allows customers to return any item within 30 days of delivery, as long as it is unused and in its original packaging. Refunds are issued to the original payment method within 5-7 business days.

Customers can track their order status by logging into their account and visiting the 'My Orders' page, or by using the tracking link sent in their shipping confirmation email.","If your item arrives damaged, you should contact our support team within 48 hours with photos of the damage.",0.0,2026-09-04T20:10:55.619362
19,How many hours of battery life do the Aurora Wireless Headphones have?,sql,"SUM(unit_price * quantity) / 3600
(3.3996222222222197,)","I'm sorry, but the context doesn't contain enough information to determine the number of hours of battery life for the Aurora Wireless Headphones. The provided formula seems to be related to calculating the total cost, but it doesn't provide any information about the battery life.",0.0,2026-09-04T20:11:34.569709
20,How much total revenue came from the West region?,sql,"SUM(unit_price * quantity)
(8215.009999999995,)","The total revenue from the West region is not explicitly stated in the context. The context only shows a calculation result for the West region, which is 8215.009999999995, but it doesn't provide the unit price or quantity used in the calculation.",0.0,2026-09-04T20:12:06.507166
21,How many orders were placed in the South region?,sql,"COUNT(order_id)
(48,)",There were 48 orders placed in the South region.,0.0,2026-09-04T20:12:25.601878
22,What is your return policy?,vector,"Our return policy allows customers to return any item within 30 days of delivery, as long as it is unused and in its original packaging. Refunds are issued to the original payment method within 5-7 business days.

If an item arrives damaged or defective, customers should contact support within 48 hours with photos of the damage. A replacement or full refund will be issued at no extra cost.

We offer a loyalty program where customers earn 1 point for every dollar spent. Points can be redeemed for discounts, with 100 points equal to a $5 reward.

Customers can track their order status by logging into their account and visiting the 'My Orders' page, or by using the tracking link sent in their shipping confirmation email.

The Trailblazer Backpack is made from water-resistant recycled nylon, has a padded laptop sleeve fitting up to 16 inches, and includes a hidden anti-theft pocket.","Our return policy allows customers to return any item within 30 days of delivery, as long as it is unused and in its original packaging. Refunds are issued to the original payment method within 5-7 business days.",0.0,2026-09-04T20:50:03.893895
23,How long does standard shipping take?,vector,"Standard shipping takes 3-5 business days within the country. Express shipping is available at checkout for an additional fee and delivers within 1-2 business days.

Our return policy allows customers to return any item within 30 days of delivery, as long as it is unused and in its original packaging. Refunds are issued to the original payment method within 5-7 business days.

If an item arrives damaged or defective, customers should contact support within 48 hours with photos of the damage. A replacement or full refund will be issued at no extra cost.

Customers can track their order status by logging into their account and visiting the 'My Orders' page, or by using the tracking link sent in their shipping confirmation email.

We offer a loyalty program where customers earn 1 point for every dollar spent. Points can be redeemed for discounts, with 100 points equal to a $5 reward.",The standard shipping time is 3-5 business days within the country.,0.0,2026-09-04T20:50:43.280167
24,What should I do if my item arrives damaged?,vector,"If an item arrives damaged or defective, customers should contact support within 48 hours with photos of the damage. A replacement or full refund will be issued at no extra cost.

Our return policy allows customers to return any item within 30 days of delivery, as long as it is unused and in its original packaging. Refunds are issued to the original payment method within 5-7 business days.

Customers can track their order status by logging into their account and visiting the 'My Orders' page, or by using the tracking link sent in their shipping confirmation email.

Standard shipping takes 3-5 business days within the country. Express shipping is available at checkout for an additional fee and delivers within 1-2 business days.

The Trailblazer Backpack is made from water-resistant recycled nylon, has a padded laptop sleeve fitting up to 16 inches, and includes a hidden anti-theft pocket.","If your item arrives damaged, you should contact our support team within 48 hours with photos of the damage. We will then issue a replacement or full refund at no extra cost.",0.0,2026-09-04T20:51:28.441850
25,How many hours of battery life do the Aurora Wireless Headphones have?,vector,"The Aurora Wireless Headphones feature active noise cancellation, 30 hours of battery life, and a comfortable over-ear design. They are available in black, white, and navy.

If an item arrives damaged or defective, customers should contact support within 48 hours with photos of the damage. A replacement or full refund will be issued at no extra cost.

The Trailblazer Backpack is made from water-resistant recycled nylon, has a padded laptop sleeve fitting up to 16 inches, and includes a hidden anti-theft pocket.

The Summit Coffee Maker has a 12-cup capacity, a built-in grinder, and a programmable timer so coffee is ready when you wake up.

Our return policy allows customers to return any item within 30 days of delivery, as long as it is unused and in its original packaging. Refunds are issued to the original payment method within 5-7 business days.",The Aurora Wireless Headphones have 30 hours of battery life.,0.0,2026-09-04T20:52:08.569008
26,How much total revenue came from the West region?,sql,"SUM(unit_price * quantity)
(8215.009999999995,)","The context only provides the result of a calculation, which is the total revenue from the West region. The calculation is:

SUM(unit_price * quantity)
(8215.009999999995,)

The result of this calculation is:

$8,215.01",0.0,2026-09-04T20:52:54.071195
27,How many orders were placed in the South region?,sql,"COUNT(order_id)
(48,)",There were 48 orders placed in the South region.,0.0,2026-09-04T20:53:10.054806
